"species","species_orig","species_use","linf_cm","k","winf_g","tmax_yr","tmat_yr","m","lmat_cm","temp_c"
"Sebastes fasciatus","Sebastes fasciatus","Sebastes fasciatus",36.0796589948631,0.151675321662475,722.588724926144,27.9998562126589,6.12372652901606,0.139530289127198,23.0143726420409,11.7283330914818
"Scomber colias","Scomber colias","Scomber colias",48.2411147228293,0.343355522152664,1179.23513543832,9.22100978799071,2.51861828963316,0.474276751044858,29.1368587026234,17.791860956864
"Beryx splendens","Beryx splendens","Beryx splendens",52.5171412393861,0.138910542106007,3132.67861890821,14.7579353629284,5.31192872773167,0.324890609761936,28.8662693712383,15.6081968448869
"Thunnus alalunga","Thunnus alalunga","Thunnus alalunga",141.864513874259,0.180272954729569,37677.4853497062,15.0009396105679,4.74425572570805,0.255720222864568,81.3580941439297,15.824897072437
"Pleuronectes quadrituberculatus","Pleuronectes quadrituberculatus","Pleuronectes quadrituberculatus",49.156977684204,0.122501247156982,1404.55979374377,36.1242037762265,7.35238763079994,0.128915032457181,28.1003651952934,5.65492455346262
"Bathyraja parmifera","Bathyraja parmifera","Bathyraja parmifera",91.347929285686,0.100657559617038,4987.35685804235,19.954539604477,10.3021707942869,0.212400187084653,57.1715679737779,14.421746753602
"Hippoglossoides platessoides","Hippoglossoides platessoides","Hippoglossoides platessoides",62.5789650345892,0.107111675628409,2558.34895069748,26.9517303990365,7.47805125626533,0.210817512287924,31.9300381515836,3.09604437483178
"Engraulis encrasicolus","Engraulis encrasicolus","Engraulis encrasicolus",18.2078408527517,0.48448519812328,36.5596468918355,4.7532367952289,1.16282032017003,0.858747908570136,10.2242200340028,14.1698052263871
"Clupeonella engrauliformis","Clupeonella engrauliformis","Clupeonella engrauliformis",16.0673528912382,0.619137029011189,40.8407535477919,4.7211373431896,1.54128130813135,0.979025174995242,10.4330559742819,18.9165750137519
"Lophius budegassa","Lophius budegassa","Lophius budegassa",88.0012512146827,0.11157466841098,8190.97278479409,12.758876947497,4.06875571064883,0.28318331494671,34.9123820727996,14.1410881491551
"Theragra chalcogramma","Theragra chalcogramma","Theragra chalcogramma",64.1972130532834,0.256760882756684,1583.98853511185,11.359642388051,2.68566106435254,0.406954615049328,35.5722567835548,4.28400042434099
"Pandalus eous","Pandalus eous","Pandalus eous",NA,NA,NA,NA,NA,NA,NA,NA
"Mactromeris polynyma","Mactromeris polynyma","Mactromeris polynyma",NA,NA,NA,NA,NA,NA,NA,NA
"Atheresthes stomias","Atheresthes stomias","Atheresthes stomias",68.5489097441645,0.119846732300758,3650.77103261616,23.6760107532432,5.946775373065,0.176256804273318,34.1306404578802,9.3717240578145
"Engraulis anchoita","Engraulis anchoita","Engraulis anchoita",18.9950684429824,0.386506391433076,43.1404700235761,4.85056920951764,1.52433472220895,0.924896831606378,10.3575897340684,18.2836323688888
"Merluccius hubbsi","Merluccius hubbsi","Merluccius hubbsi",68.3555589329178,0.221322451046077,2486.57834310537,12.6590119801591,3.67631625241737,0.400870870075933,37.8955779208675,12.3792339027439
"Pleurogrammus azonus","Pleurogrammus azonus","Pleurogrammus azonus",36.7880748476549,0.379351558527858,363.575747373592,10.6645436665338,3.51395839437638,0.542480900548659,25.356085160046,9.34226225338669
"Decapterus muroadsi","Decapterus muroadsi","Decapterus muroadsi",29.6148834535477,0.80910440546347,175.540463929256,4.17831057315511,1.06038273821582,1.6088312472565,15.5889962142044,25.1941597504476
"Thunnus thynnus","Thunnus thynnus","Thunnus thynnus",351.105145078083,0.0979841406361893,660586.726369746,24.7213539250978,7.82127945934583,0.152336187713751,175.556413394898,15.8691666908895
"Hippoglossus hippoglossus","Hippoglossus hippoglossus","Hippoglossus hippoglossus",204.497916488428,0.0653556464571464,144635.472636115,42.9334514856674,12.6849041902008,0.116466518502922,97.3357083552136,9.92714109145773
"Pleurogrammus monopterygius","Pleurogrammus monopterygius","Pleurogrammus monopterygius",45.4665862657319,0.433781217294873,571.82873879973,11.5144809928042,3.93400721376365,0.56520880957024,33.8079418909366,8.02428216224085
"Micropogonias undulatus","Micropogonias undulatus","Micropogonias undulatus",32.0508828189215,0.385868536830198,362.83820841107,6.25591775889864,1.66825943763086,0.821091727450257,16.1095768763344,24.7693154393634
"Dissostichus mawsoni","Dissostichus mawsoni","Dissostichus mawsoni",148.247302193527,0.0823818237620116,37034.4929756934,27.567736895896,9.13673825872025,0.157008927458374,76.8507094377121,9.92662827938937
"Sebastes aurora","Sebastes aurora","Sebastes aurora",38.0088829763065,0.128353478619067,930.755733019741,45.5742238919303,9.03826338969516,0.100069344932279,26.4090407384095,10.7930228205853
"Arripis trutta","Arripis trutta","Arripis trutta",29.1994208857869,0.353658640284217,215.636531261766,11.2363992372699,2.94500987973301,0.60432175718227,18.5621599142342,14.6515745923668
"Anarhichas lupus","Anarhichas lupus","Anarhichas lupus",126.211868013796,0.0835567901567697,20218.6595002494,33.257803020146,8.52784655092194,0.134972577812955,65.8779002146707,6.97117519836001
"Callinectes sapidus","Callinectes sapidus","Callinectes sapidus",NA,NA,NA,NA,NA,NA,NA,NA
"Pseudotolithus elongatus","Pseudotolithus elongatus","Pseudotolithus elongatus",51.4611633142753,0.319004292107768,1078.53860808417,11.8583661493803,3.1727693351502,0.463086393877425,31.6419213358151,16.6994700076314
"Macruronus novaezelandiae","Macruronus novaezelandiae","Macruronus novaezelandiae",107.298658646441,0.176257043148184,3661.68767207755,21.2011708711344,5.74300500420237,0.237023380049284,62.4447695793857,11.4681668698721
"Sebastes melanostomus","Sebastes melanostomus","Sebastes melanostomus",47.1796738720043,0.0691986977253373,2318.33999059147,77.9848215523756,15.5259003180613,0.0598848587805147,31.3561803536831,13.1764368173388
"Brachydeuterus auritus","Brachydeuterus auritus","Brachydeuterus auritus",24.1888705374583,0.411423948254355,196.340974413735,9.36376160249304,2.03300427266565,0.794946117088516,13.4389604693631,25.1713492866592
"Merluccius polli","Merluccius polli","Merluccius polli",69.2604708253369,0.256442420869336,2724.18315186179,11.1551245953372,3.22399186760952,0.472901444747815,37.6825488761188,16.1564776768535
"Sphyrna tiburo","Sphyrna tiburo","Sphyrna tiburo",116.914824899,0.279742372556918,5542.69165606401,15.728081442859,5.10151112030131,0.330356012140777,81.8563812667902,25.4419699012307
"Thunnus obesus","Thunnus obesus","Thunnus obesus",200.905020335261,0.188156091541074,90654.4214412388,12.6444860937059,4.06656175872376,0.327124601839471,99.5200622023409,20.9351892315495
"Centroberyx gerrardi","Centroberyx gerrardi","Centroberyx gerrardi",30.0096252642524,0.231372841838781,350.842701216519,9.64748121010863,3.37841838975427,0.51478517083471,17.4512225530556,13.5054073343073
"Raja binoculata","Raja binoculata","Raja binoculata",99.3804012058472,0.149468149784092,5559.07497459624,15.4177969504971,7.10318194624213,0.265035522319558,68.5612060962735,12.5326167282999
"Trachurus picturatus","Trachurus picturatus","Trachurus picturatus",55.7661872936768,0.172475142918202,1885.5328846662,16.8351845038593,4.13434019543263,0.357290441180723,28.0588766692324,16.8430380465173
"Epigonus telescopus","Epigonus telescopus","Epigonus telescopus",127.453274541544,0.0707090628027428,24773.5987889315,47.2118200583306,10.2005273842996,0.0885719244939891,66.8606774256205,14.2819769454904
"Paralithodes platypus","Paralithodes platypus","Paralithodes platypus",NA,NA,NA,NA,NA,NA,NA,NA
"Mycteroperca bonaci","Mycteroperca bonaci","Mycteroperca bonaci",125.718786094566,0.125599705650434,28166.9660407197,28.6654598084725,9.67624257985243,0.227923466123613,71.7415284540747,24.4648981239217
"Allocyttus niger","Allocyttus niger","Allocyttus niger",38.3924471177904,0.0734378887266394,1289.86257082302,37.6851380062713,14.184886388125,0.134379680825151,28.2648946075009,10.9981151286856
"Sebastes melanops","Sebastes melanops","Sebastes melanops",49.417653223595,0.146964145236459,2050.29610098954,42.7199550955174,8.42602885138929,0.109057250962829,33.9043262776203,12.3659732489379
"Molva dypterygia","Molva dypterygia","Molva dypterygia",137.649502200625,0.131493924336408,13984.7261889202,20.3672280552245,6.33797172084637,0.228538430351296,74.5783414557506,8.96266934928973
"Istiompax indica","Istiompax indica","Istiompax indica",137.842313540831,0.383595424753986,15037.3795153099,10.2039887899543,2.44660389692312,0.512589141514266,70.2188316329432,19.0574592421407
"Prionace glauca","Prionace glauca","Prionace glauca",336.571084754246,0.130597189293321,244825.033646397,20.2013485548959,8.86376656880939,0.21396988466347,212.099983060967,12.3941811043238
"Caulolatilus microps","Caulolatilus microps","Caulolatilus microps",75.3115924145401,0.172484602206882,3904.76602108268,14.3510408221112,3.85127459361569,0.313289020132273,37.3211250607809,22.5543438402158
"Pomatomus saltatrix","Pomatomus saltatrix","Pomatomus saltatrix",99.8537955516183,0.185448659582066,9538.00162994097,9.6392967700102,2.6779024375532,0.378864828443736,42.6989858778237,23.0941495489717
"Sebastes mystinus","Sebastes mystinus","Sebastes mystinus",35.2447874084737,0.155359961966541,791.072154376756,38.4375579327688,7.57864306042342,0.123828172163729,24.2142262622226,14.5922410584446
"Scomber australasicus","Scomber australasicus","Scomber australasicus",39.33812431554,0.378616370922957,702.021056795293,7.96903005643873,2.18195234834117,0.569169493816239,23.1887232629687,22.5467043861144
"Makaira nigricans","Makaira nigricans","Makaira nigricans",430.897759757448,0.280475633345384,429656.875789835,16.8466629348774,3.85296899736425,0.328342363534166,202.378663350328,24.053444870992
"Makaira mazara","Makaira mazara","Makaira mazara",469.932498134381,0.194069783280333,644705.360765834,25.1701718109396,5.58884055181642,0.224538819545233,221.923526817253,24.217480945986
"Sebastes rufus","Sebastes rufus","Sebastes rufus",38.0088829763065,0.128353478619067,930.755733019741,45.5742238919303,9.03826338969516,0.100069344932279,26.4090407384095,10.7930228205853
"Carcharhinus acronotus","Carcharhinus acronotus","Carcharhinus acronotus",162.637133196838,0.204458783384171,47814.3690079412,11.430209254863,6.20475665026018,0.351344842739219,117.034370501054,22.4537855886949
"Hyperoglyphe antarctica","Hyperoglyphe antarctica","Hyperoglyphe antarctica",96.0527367615182,0.131405045081084,17154.2706638653,21.7129595330342,5.6943159286019,0.223280578226105,51.5868288905355,11.9320048551187
"Capros aper","Capros aper","Capros aper",14.1346500456774,0.272552542424377,44.3321384586659,12.202738136241,2.86340136380394,0.500107313297676,8.50019988221929,17.2678181925143
"Sebastes paucispinis","Sebastes paucispinis","Sebastes paucispinis",37.9332703513578,0.136548765904023,1078.4789287361,42.5922828511873,8.7838475146727,0.12525982007626,25.5633172078874,15.8515502745113
"Ethmalosa fimbriata","Ethmalosa fimbriata","Ethmalosa fimbriata",36.3294511635782,0.583024622195893,389.624411370989,6.80402516828778,2.00085830112674,0.677742353481186,23.5717125154886,19.6641948457618
"Scophthalmus rhombus","Scophthalmus rhombus","Scophthalmus rhombus",43.1837893341516,0.43471051166903,978.123718661819,7.23914551743613,1.42545909002331,0.676095997808932,19.3009063369707,18.7001827514241
"Dentex tumifrons","Dentex tumifrons","Dentex tumifrons",46.7764053421366,0.211800923375294,1667.86638953271,11.4871675573401,2.85987775239843,0.456520354909902,22.3292157802399,19.680349876202
"Dentex spp","Dentex spp","Dentex macrophthalmus",44.6523789878376,0.187514049434706,1694.77441199314,12.7113771805987,3.16065453654466,0.405278731682125,21.6158770913887,17.7288015246678
"Sebastes auriculatus","Sebastes auriculatus","Sebastes auriculatus",38.0088829763065,0.128353478619067,930.755733019741,45.5742238919303,9.03826338969516,0.100069344932279,26.4090407384095,10.7930228205853
"Farfantepenaeus aztecus","Farfantepenaeus aztecus","Farfantepenaeus aztecus",NA,NA,NA,NA,NA,NA,NA,NA
"Centropristis striata","Centropristis striata","Centropristis striata",32.4305394308244,0.312475110272788,140.066996550983,7.57137087820431,2.51470799046414,0.584189845843711,17.701501570918,18.4663702716104
"Thamnaconus modestus","Thamnaconus modestus","Thamnaconus modestus",18.6201203083508,0.530476432153301,98.7612848111415,4.79059861347619,1.47341908889465,1.13124592577538,10.7904527615933,19.5883125872215
"Dipturus laevis","Dipturus laevis","Dipturus laevis",177.421605800666,0.112651776189606,27690.9489741667,14.106588748366,7.03486726908228,0.223488792655456,100.32694114394,15.4541756329754
"Cervimunida johni","Cervimunida johni","Cervimunida johni",NA,NA,NA,NA,NA,NA,NA,NA
"Carcharhinus limbatus","Carcharhinus limbatus","Carcharhinus limbatus",193.159096847806,0.193079293705327,56335.7312004771,13.1569219451613,6.9179085042929,0.295364952921512,140.187317800474,25.1753877282137
"Penaeus esculentus","Penaeus esculentus","Penaeus esculentus",NA,NA,NA,NA,NA,NA,NA,NA
"Peprilus triacanthus","Peprilus triacanthus","Peprilus triacanthus",22.7582876283253,0.758583990004279,142.923935570985,5.62507526192007,1.28884692877307,1.03407893184109,14.3172466548004,17.8352119416989
"Micromesistius poutassou","Micromesistius poutassou","Micromesistius poutassou",35.8706979312847,0.282689189616698,350.968671398329,12.056870363655,3.03664590454871,0.41375542251684,23.4381413288622,12.1502276912313
"Chionoecetes japonicus","Chionoecetes japonicus","Chionoecetes japonicus",NA,NA,NA,NA,NA,NA,NA,NA
"Scorpaenichthys marmoratus","Scorpaenichthys marmoratus","Scorpaenichthys marmoratus",53.2889237333477,0.23544911503199,1528.99717234997,10.6629272289298,3.25334712441648,0.398674229547751,28.0950234936486,15.7367301021962
"Scorpaena guttata","Scorpaena guttata","Scorpaena guttata",38.7613867167445,0.160853090686934,688.616580983405,14.0097051865955,3.35220888315074,0.319204074045452,17.1956469475114,17.1604385075437
"Mallotus villosus","Mallotus villosus","Mallotus villosus",20.3648228581759,0.460515022691593,49.518143525808,5.6829930010871,2.84475174623054,0.999801483974034,15.9828253337407,4.76220905412746
"Arius spp","Arius spp","Arius latiscutatus",67.2759336017839,0.209494124163273,2783.72848157844,12.1030866776475,2.95191407427191,0.390866904428081,29.8990476338127,26.2641601255544
"Merluccius capensis","Merluccius capensis","Merluccius capensis",119.41087130392,0.113386802694694,15161.4431053344,21.0364017235148,6.3209711990066,0.232625088020229,59.8742969210023,15.1932685027109
"Clupea bentincki","Clupea bentincki","Clupea bentincki",18.3799639294323,0.580864376195047,59.6150666700552,6.02798091351162,1.84023212503224,0.688734649202883,12.8060601604623,14.897757894488
"Sebastes goodei","Sebastes goodei","Sebastes goodei",29.3974054465879,0.188296219294505,427.076108522536,30.3901044290496,6.08800254016652,0.151065964280472,20.3973035981757,13.3465920816874
"Trachurus trecae","Trachurus trecae","Trachurus trecae",44.7138936493603,0.254332344007787,1003.68275045615,13.0859633678731,3.09959999558989,0.501731607398576,23.2366179913022,20.0808749508847
"Sebastes nebulosus","Sebastes nebulosus","Sebastes nebulosus",38.0088829763065,0.128353478619067,930.755733019741,45.5742238919303,9.03826338969516,0.100069344932279,26.4090407384095,10.7930228205853
"Loligo vulgaris reynaudii","Loligo reynaudii","Loligo vulgaris",NA,NA,NA,NA,NA,NA,NA,NA
"Trachurus murphyi","Trachurus murphyi","Trachurus murphyi",78.9235140596224,0.121142068517534,5447.67730777683,24.3340910695657,5.94178226793407,0.246612369764881,39.0220620421082,15.8515676774481
"Pristipomoides filamentosus","Pristipomoides filamentosus","Pristipomoides filamentosus",60.6351740238727,0.240121703407016,5996.40704275057,13.6660352301997,3.14766180232435,0.360259482119032,33.8188749082467,22.7783099029474
"Scomber japonicus","Scomber japonicus","Scomber japonicus",44.0055606241054,0.290197366382591,1144.49502542221,8.57212006127386,2.73840525681396,0.481009738790409,26.9088851333473,15.8404849381833
"Rachycentron canadum","Rachycentron canadum","Rachycentron canadum",111.034504322565,0.29237005829391,22900.1417863686,11.4885681669576,2.86757497614689,0.457455394554102,56.535272580787,23.5437265180547
"Gadus morhua","Gadus morhua","Gadus morhua",105.850737330993,0.168489075342018,12310.0175287822,15.023341544316,2.13537174512944,0.270287991797001,45.1379349656355,5.56326366382264
"Sebastes levis","Sebastes levis","Sebastes levis",45.9241492155089,0.105472217141131,1870.42658397324,51.838622681032,10.4189740050782,0.0890420543510042,30.2539973581514,14.654382452583
"Pagellus erythrinus","Pagellus erythrinus","Pagellus erythrinus",37.8379386872952,0.19093497882595,654.111380038603,11.546384419285,2.92010977723905,0.353385898345045,18.868633378913,19.2110549608645
"Sebastes caurinus","Sebastes caurinus","Sebastes caurinus",46.4942885575856,0.11448354525847,1693.27761009133,52.8873641520307,10.7167375210146,0.0936446915592042,32.0771266360992,10.4692458993514
"Jasus lalandii","Jasus lalandii","Jasus lalandii",NA,NA,NA,NA,NA,NA,NA,NA
"Pseudotolithus spp","Pseudotolithus spp","Pseudotolithus elongatus",51.4611633142753,0.319004292107768,1078.53860808417,11.8583661493803,3.1727693351502,0.463086393877425,31.6419213358151,16.6994700076314
"Sebastes pinniger","Sebastes pinniger","Sebastes pinniger",47.8755205211319,0.0992996899047823,1695.62244476804,76.7036281907657,13.0124560344673,0.052148581049345,35.8953317794482,6.33073883454502
"Oncorhynchus keta","Oncorhynchus keta","Oncorhynchus keta",105.013337726141,0.344012808845822,10928.6132491289,7.00003773923592,3.6253028324387,0.769782441040999,67.6575163501052,8.46575172160417
"Clupea bentincki","Strangomera bentincki","Clupea bentincki",18.3799639294323,0.580864376195047,59.6150666700552,6.02798091351162,1.84023212503224,0.688734649202883,12.8060601604623,14.897757894488
"Penaeus spp","Penaeus spp","Farfantepenaeus notialis",NA,NA,NA,NA,NA,NA,NA,NA
"Raja eglanteria","Raja eglanteria","Raja eglanteria",84.9877016348341,0.169028975712454,3462.21910931347,13.8753230389455,6.3608996840136,0.297040235555166,59.732623683721,12.3078863027211
"Trachurus capensis","Trachurus capensis","Trachurus capensis",51.2974995659432,0.205693634462263,1089.67692699253,15.7338457506621,4.18814074666128,0.424383550047151,28.0450648404239,15.4205146246611
"Brosme brosme","Brosme brosme","Brosme brosme",78.1911606627367,0.1283664531328,6048.73629397222,21.1540830412564,7.09944078547442,0.224228574775959,49.2482498908145,9.07498419899302
"Sepia spp","Sepia spp","Sepia officinalis",NA,NA,NA,NA,NA,NA,NA,NA
"Limanda limanda","Limanda limanda","Limanda limanda",31.6679467102437,0.318680443052683,416.900517728373,11.3240350629187,2.55609872563834,0.361263931139785,16.0672765886646,9.67247569097779
"Merluccius paradoxus","Merluccius paradoxus","Merluccius paradoxus",95.8697844829847,0.142764203254431,9233.30151461928,17.6695947403707,5.27175922650543,0.28714911869673,49.9428201327328,15.5148547549207
"Platycephalus conatus","Platycephalus conatus","Platycephalus conatus",48.2618377263797,0.26611480486902,831.751775581466,10.5021077434305,3.10027636283591,0.449163102598181,25.5903474301896,17.0262153187718
"Sebastes crameri","Sebastes crameri","Sebastes crameri",43.6597484824392,0.100697373152791,1365.77163942991,59.7838277620284,11.8145499315856,0.0764015510414607,30.8220572870649,7.51687363862548
"Ostrea chilensis","Ostrea chilensis","Ostrea chilensis",NA,NA,NA,NA,NA,NA,NA,NA
"Parapenaeus longirostris","Parapenaeus longirostris","Parapenaeus longirostris",NA,NA,NA,NA,NA,NA,NA,NA
"Carcharhinus obscurus","Carcharhinus obscurus","Carcharhinus obscurus",428.673937994128,0.0504713266811232,488485.065234245,40.6936232691167,25.2112830422959,0.0959886112580151,284.849264140517,18.3645029965831
"Microstomus pacificus","Microstomus pacificus","Microstomus pacificus",45.7873448176358,0.13883966919477,1831.3993915996,47.8403530819413,11.3075239291669,0.143726560356019,31.7255597190397,12.0497886641451
"Glossanodon semifasciatus","Glossanodon semifasciatus","Glossanodon semifasciatus",22.2677918781362,0.564521920994314,95.6656221992839,5.51149178928985,1.9622765995174,1.12679653688698,14.6991941997624,17.5487450634887
"Sebastes variabilis","Sebastes variabilis","Sebastes variabilis",30.445375532191,0.184761945239512,474.933756792507,38.0808829950896,7.88847270872995,0.13367267227604,23.0291507666555,11.6462412518778
"Dicentrarchus labrax","Dicentrarchus labrax","Dicentrarchus labrax",74.3314946064423,0.174287101885934,4727.52887659649,7.76572959450919,1.6669547409016,0.182475253374254,31.2749772185013,17.34008854224
"Platichthys flesus","Platichthys flesus","Platichthys flesus",40.9016964645527,0.284927808494803,837.162686483671,13.6600951315974,2.49041906972827,0.249598015844045,21.285690819047,11.4394722432682
"Pollachius pollachius","Pollachius pollachius","Pollachius pollachius",78.6165378437153,0.206110493085961,4823.4384385844,13.3254032270319,3.24591991603076,0.403529881061754,40.4817659047848,11.761492925388
"Parophrys vetulus","Parophrys vetulus","Parophrys vetulus",38.0542866167395,0.259863786848491,346.502315912635,14.9576566978595,3.22331440072436,0.285766140199128,20.630605275597,11.6318569876046
"Thaleichthys pacificus","Thaleichthys pacificus","Thaleichthys pacificus",23.250816201446,0.398837374685304,90.2169001126826,7.51215833792913,2.97123800122817,0.73978596652227,16.8014147690561,8.27492105247738
"Hippoglossoides dubius","Hippoglossoides dubius","Hippoglossoides dubius",63.1731291615094,0.0839003632798755,2581.53636180744,31.6331787112692,8.47194823160305,0.149977393628378,31.7765224569993,3.49200512024115
"Hippoglossoides elassodon","Hippoglossoides elassodon","Hippoglossoides elassodon",47.8037899745529,0.135550964986655,1057.6506606248,21.7621624992762,5.69585774063077,0.228729037403943,24.9962998675448,4.8233155202801
"Lepidorhombus boscii","Lepidorhombus boscii","Lepidorhombus boscii",37.2584239102591,0.186755395600397,496.362838958438,11.5499877925772,2.56256939611766,0.382137577781844,15.9191596134701,13.9631130681123
"Caranx rhonchus","Caranx rhonchus","Caranx rhonchus",48.2433558764064,0.261358293335522,2033.99651146468,8.65583760250261,2.60007228875294,0.784823549806969,23.1786905492408,22.9649960214426
"Etelis coruscans","Etelis coruscans","Etelis coruscans",78.0779978691254,0.206290504172097,8364.34852234343,16.7873155019556,3.55138364053321,0.249166769243406,42.8944590042488,21.2429742692888
"Carcharhinus isodon","Carcharhinus isodon","Carcharhinus isodon",161.144681438664,0.205887417773506,30680.6889434435,11.8133665042907,6.01410989909673,0.337242618438232,113.842930954576,22.272602959749
"Mycteroperca microlepis","Mycteroperca microlepis","Mycteroperca microlepis",118.303512696758,0.13930181261671,26894.7427075441,22.4398562596193,8.31212087738449,0.299736860805727,66.2352450047139,23.6909082717683
"Rexea solandri","Rexea solandri","Rexea solandri",61.0293614329241,0.204413744652563,1587.22942917006,16.0786971568268,3.90246783369157,0.305093482545311,33.7446729797025,12.5958737451259
"Phycis blennoides","Phycis blennoides","Phycis blennoides",49.2766189201575,0.305055473449018,850.448963093739,7.48993152203608,2.09168075649201,0.458768983412769,26.7161814414129,14.4747551977858
"Pomadasys spp","Pomadasys spp","Pomadasys jubelini",43.4905356555637,0.317878026792029,960.422464933869,9.5463040393258,2.28216590051319,0.790029507725318,20.8906618330192,26.0056770260902
"Eutrigla gurnardus","Eutrigla gurnardus","Eutrigla gurnardus",36.9508141644605,0.342346591928934,410.202219467359,11.4680356131153,3.7148444765636,0.465526731202412,24.290607913012,11.4667750208544
"Reinhardtius hippoglossoides","Reinhardtius hippoglossoides","Reinhardtius hippoglossoides",128.06613354588,0.0723238643020503,24975.8537138407,42.9329073181683,10.6849490627291,0.0945648244981132,64.855228949115,3.13967337022572
"Sparus aurata","Sparus aurata","Sparus aurata",54.8030233184615,0.25165586585192,2809.36708423806,12.4512987076888,3.04915693391005,0.408441381350314,29.4174833092896,18.6170094594309
"Epinephelus itajara","Epinephelus itajara","Epinephelus itajara",161.881227090266,0.112385707795089,69539.640792954,31.3614463234986,9.82206652456776,0.171170534523562,89.554083334254,24.4954369827679
"Sebastes norvegicus","Sebastes norvegicus","Sebastes norvegicus",46.1250147295046,0.0956704368718731,1302.2644758604,55.7247530979498,11.233907104205,0.0758440305293578,31.0356326268776,7.94528220821957
"Sebastes carnatus","Sebastes carnatus","Sebastes carnatus",38.0088829763065,0.128353478619067,930.755733019741,45.5742238919303,9.03826338969516,0.100069344932279,26.4090407384095,10.7930228205853
"Enteroctopus dofleini","Enteroctopus dofleini","Enteroctopus dofleini",NA,NA,NA,NA,NA,NA,NA,NA
"Seriola dumerili","Seriola dumerili","Seriola dumerili",149.678696990318,0.234620282530773,49705.2190582343,11.8268719227389,3.49255108334669,0.575797499632993,69.0714939186732,23.6110355253865
"Sebastes elongatus","Sebastes elongatus","Sebastes elongatus",32.9171133278648,0.13150221189771,671.163757803161,42.9547419250014,8.55315245064236,0.108222760472901,22.6834097534328,13.0738462400601
"Aristaeomorpha foliacea","Aristaeomorpha foliacea","Aristaeomorpha foliacea",NA,NA,NA,NA,NA,NA,NA,NA
"Sebastes chlorostictus","Sebastes chlorostictus","Sebastes chlorostictus",38.0088829763065,0.128353478619067,930.755733019741,45.5742238919303,9.03826338969516,0.100069344932279,26.4090407384095,10.7930228205853
"Argentina silus","Argentina silus","Argentina silus",43.8198113949278,0.19912253502395,717.37731234554,21.5411743267053,7.11803186596179,0.288276196039755,32.9062190026757,6.79546066810755
"Kathetostoma giganteum","Kathetostoma giganteum","Kathetostoma giganteum",65.3334218656762,0.181541784644055,2890.40664630334,13.3252809162547,3.60574003489492,0.331788893838674,33.9186425549984,10.9984135700428
"Penaeus semisulcatus","Penaeus semisulcatus","Penaeus semisulcatus",NA,NA,NA,NA,NA,NA,NA,NA
"Balistes capriscus","Balistes capriscus","Balistes capriscus",40.3206515245645,0.304776504315705,1250.01622385221,6.20205348183438,2.26262163976536,0.937330545862755,20.1581396351783,22.7748054449523
"Strongylocentrotus droebachiensis","Strongylocentrotus droebachiensis","Strongylocentrotus droebachiensis",NA,NA,NA,NA,NA,NA,NA,NA
"Melanogrammus aeglefinus","Melanogrammus aeglefinus","Melanogrammus aeglefinus",68.3000889543129,0.238768679444594,2838.54208338114,12.8692883567812,2.58794966664935,0.354265019571743,35.1039408205086,8.67370149112102
"Merluccius merluccius","Merluccius merluccius","Merluccius merluccius",81.1718242926656,0.140354937957731,3684.45733536287,12.3645372261656,3.23597042174023,0.319423285742402,33.9689489614508,13.7791176889934
"Clupea harengus","Clupea harengus","Clupea harengus",30.3127375201757,0.33429255524352,212.215158082762,12.4112762961933,4.06592570840787,0.250360616655768,25.2859880352128,8.33407524921448
"Clupea pallasii pallasii","Clupea pallasii","Clupea pallasii pallasii",29.1224117963927,0.379136758343561,319.777639267949,11.1706455510435,3.65059185991176,0.45141288610526,22.1158852024155,10.3340970183527
"Branchiostegus japonicus","Branchiostegus japonicus","Branchiostegus japonicus",44.5395775572418,0.265006761295648,1192.64735441765,8.3428882169442,2.69634566600554,0.482158113107664,25.9502120854369,15.2048572370153
"Trachurus trachurus","Trachurus trachurus","Trachurus trachurus",39.6494545757163,0.207891606109083,513.541812116091,14.3851372832749,3.13158205331874,0.391212690446964,19.737295275297,13.7654684763243
"Lachnolaimus maximus","Lachnolaimus maximus","Lachnolaimus maximus",45.8120139745074,0.187067390388401,1691.91540903865,13.5427326292508,3.62847417625007,0.426613822892417,22.2365598975708,24.8255819510126
"Illex illecebrosus","Illex illecebrosus","Illex illecebrosus",NA,NA,NA,NA,NA,NA,NA,NA
"Seriola quinqueradiata","Seriola quinqueradiata","Seriola quinqueradiata",118.759435086836,0.27848317177323,15311.8624040286,10.8339392170491,3.13128808927624,0.583155320712521,59.6912136132771,13.6672543360552
"Engraulis japonicus","Engraulis japonicus","Engraulis japonicus",18.0169393553999,1.03663295558104,37.8777886761186,2.88814800755859,0.737839068824746,1.41703646271867,11.0078839784244,18.8254451058416
"Todarodes pacificus","Todarodes pacificus","Todarodes pacificus",NA,NA,NA,NA,NA,NA,NA,NA
"Trachurus japonicus","Trachurus japonicus","Trachurus japonicus",51.7636165589253,0.302014550657006,1219.95557617529,8.5146645950047,2.24325730608517,0.676052368890876,25.0216743143829,18.0268106804106
"Takifugu rubripes","Takifugu rubripes","Takifugu rubripes",56.7376266731896,0.392236953007943,3001.75068885857,8.22208347652863,2.47672598549372,0.674142963040058,32.9618976460752,16.1371294471926
"Paracaesio caerulea","Paracaesio caerulea","Paracaesio caerulea",63.5050233835566,0.241307681875775,4083.61836659955,14.0401016636067,2.98449493393655,0.302467792732154,34.857325122847,22.2836798923671
"Sebastolobus macrochir","Sebastolobus macrochir","Sebastolobus macrochir",40.2415274168751,0.0713829209453918,1277.1278560233,40.1683893384308,11.1062760249295,0.10025968386651,24.5806962491564,11.5360479641965
"Hexagrammos decagrammus","Hexagrammos decagrammus","Hexagrammos decagrammus",24.4735687030674,0.460717813070348,131.501035632866,7.51217781713747,2.35591643229882,0.717915926454074,15.8164970195694,13.5829841637586
"Genypterus capensis","Genypterus capensis","Genypterus capensis",128.783889506654,0.139897858728755,13470.0016275142,20.8777867727153,6.08460772478975,0.242565537121701,65.4248909125094,15.4443458958319
"Scomberomorus cavalla","Scomberomorus cavalla","Scomberomorus cavalla",187.113455659595,0.170680909788113,13709.0599521767,15.3358942483606,3.63856585279105,0.285676549834982,75.4035596334987,24.7650687112907
"Atheresthes evermanni","Atheresthes evermanni","Atheresthes evermanni",85.5866734299704,0.112778339099937,6850.02346758084,26.6572345791073,6.61124387400737,0.158900148825172,42.3838910937421,9.43009169133398
"Laemonema longipes","Laemonema longipes","Laemonema longipes",65.9266152601034,0.173884140762786,1233.50589989642,15.9003173840018,4.70283259043216,0.291288075552017,37.7276069841647,10.3731585884333
"Dentex macrophthalmus","Dentex macrophthalmus","Dentex macrophthalmus",44.6523789878376,0.187514049434706,1694.77441199314,12.7113771805987,3.16065453654466,0.405278731682125,21.6158770913887,17.7288015246678
"Trichiurus lepturus","Trichiurus lepturus","Trichiurus lepturus",100.229286713597,0.289380598710843,758.523952985617,7.46475445536682,1.72492454209146,0.432772725506663,39.9831700804011,18.8508203198812
"Ophiodon elongatus","Ophiodon elongatus","Ophiodon elongatus",35.644899180128,0.236782227371777,392.317977944289,12.2253008506389,4.09129826179346,0.409605695172793,22.1176917710201,7.93920958208166
"Molva molva","Molva molva","Molva molva",147.399664098101,0.118577201086328,38544.0103190314,24.0175396477281,8.00200386560016,0.23314283849204,84.1164447648701,9.12798978164225
"Doryteuthis pealeii","Loligo pealeii","Doryteuthis pealeii",NA,NA,NA,NA,NA,NA,NA,NA
"Pristipomoides sieboldii","Pristipomoides sieboldii","Pristipomoides sieboldii",45.7629132581389,0.322187710385024,1819.53721678235,10.4862637133269,2.33836765789494,0.448082592484893,26.0458185685908,21.9070437281917
"Raja rhina","Raja rhina","Raja rhina",117.054925194451,0.126021205811834,9567.46941199623,18.9564111945485,7.92044877067566,0.214573100799556,79.2159109732663,13.2537261624093
"Homarus americanus","Homarus americanus","Homarus americanus",NA,NA,NA,NA,NA,NA,NA,NA
"Leucoraja erinacea","Leucoraja erinacea","Leucoraja erinacea",58.8625010785544,0.220689291588335,1153.42651146026,11.414989192385,5.32731114843841,0.367765828376785,41.8954322104809,14.4940540242078
"Sebastolobus altivelis","Sebastolobus altivelis","Sebastolobus altivelis",47.2408646616291,0.0709223520073251,1980.67109457389,41.3666478809492,11.4101590473539,0.0973836937971203,28.5606409897012,11.7480636797707
"Scomber scombrus","Scomber scombrus","Scomber scombrus",41.2477359968697,0.345137662924762,624.36988997402,13.8119594641597,3.03097703406888,0.287659477519624,28.86684177992,11.4977221356873
"Lepidorhombus whiffiagonis","Lepidorhombus whiffiagonis","Lepidorhombus whiffiagonis",51.225058229197,0.154853753116525,1150.87636734227,13.1400458460859,2.70804095922377,0.301679285534074,20.2499687162381,10.3788631850957
"Lepidorhombus spp","Lepidorhombus spp.","Lepidorhombus whiffiagonis",51.225058229197,0.154853753116525,1150.87636734227,13.1400458460859,2.70804095922377,0.301679285534074,20.2499687162381,10.3788631850957
"Brevoortia patronus","Brevoortia patronus","Brevoortia patronus",25.575175123864,0.36859012045512,342.890196363342,6.41304228705488,2.3731608888332,0.833561547494864,14.9326531003982,25.8224367272094
"Brevoortia tyrannus","Brevoortia tyrannus","Brevoortia tyrannus",34.9400629378232,0.383686229063399,1421.58789498861,8.70010398941757,2.9342638703358,0.599651277868469,23.3263912723662,19.2790518956041
"Trachurus mediterraneus","Trachurus mediterraneus","Trachurus mediterraneus",36.8088913083519,0.277863826777146,521.608108885046,14.3657221821221,3.08176325250428,0.42695145091917,20.8197366921841,16.4378535308576
"Lophius americanus","Lophius americanus","Lophius americanus",149.869636903637,0.0825305679621351,43019.912179549,14.0964161533662,3.95237760417946,0.210344563779028,50.3416942582688,9.03306872643478
"Nemadactylus macropterus","Nemadactylus macropterus","Nemadactylus macropterus",50.8284003348081,0.170951676095837,1711.66790586874,45.9597573987444,7.46932357745781,0.121238711686577,36.2306567522279,12.6077915543059
"Mugil cephalus","Mugil cephalus","Mugil cephalus",59.6963933318987,0.247450922040746,2061.67457578126,14.948340695637,3.85297225169962,0.328870343512393,34.6868638921287,19.2825356929839
"Lutjanus analis","Lutjanus analis","Lutjanus analis",92.146847824603,0.156344976358841,10606.2730726435,16.4622220073045,3.49730979123246,0.230333462294584,44.3696632194695,26.1318957964377
"Nephrops norvegicus","Nephrops norvegicus","Nephrops norvegicus",NA,NA,NA,NA,NA,NA,NA,NA
"Trisopterus esmarkii","Trisopterus esmarkii","Trisopterus esmarkii",21.9583966411779,0.514346979002221,68.3507893274223,4.87470858387716,1.47882466880394,1.04219778909623,14.0168911918716,8.90880150102527
"Sebastes polyspinis","Sebastes polyspinis","Sebastes polyspinis",37.273100242209,0.160419903463441,781.789617148397,49.9860892823874,8.73081989167543,0.0976274384252448,28.5066260250956,5.76946555327853
"Lepidopsetta polyxystra","Lepidopsetta polyxystra","Lepidopsetta polyxystra",42.735198439785,0.198875342931819,778.201469793684,17.1215535445431,4.14243702034836,0.260013350962445,23.5623964506658,5.99678950402328
"Heterocarpus reedi","Heterocarpus reedi","Heterocarpus reedi",NA,NA,NA,NA,NA,NA,NA,NA
"Genypterus blacodes","Genypterus blacodes","Genypterus blacodes",132.962150753546,0.112999100645428,12774.5207917928,26.3299698777538,7.63850577507059,0.193380201671126,68.7285314264836,11.9489700649448
"Pagrus auratus","Chrysophrys auratus","Pagrus auratus",72.9233157460552,0.116113979061982,5690.5887046169,23.6361189183508,5.75409701904283,0.204237563103395,37.0817363137381,13.3655418460346
"Octopus vulgaris","Octopus vulgaris","Octopus vulgaris",NA,NA,NA,NA,NA,NA,NA,NA
"Paralichthys olivaceus","Paralichthys olivaceus","Paralichthys olivaceus",79.5625126834715,0.220567087445664,3503.72388468532,8.93492357360677,1.50640189894888,0.412461517911268,25.0727631408801,17.1701234819121
"Zoarces americanus","Zoarces americanus","Zoarces americanus",91.01085185401,0.123065390135451,4788.8063035565,19.5789512014802,5.29328789332734,0.243184538939614,44.3686594491892,12.1210943808368
"Hoplostethus atlanticus","Hoplostethus atlanticus","Hoplostethus atlanticus",59.3531339577036,0.0691201329722476,1875.59308445309,21.8023770642846,8.62411300801008,0.192218619813368,30.210772146538,11.8089214374705
"Thunnus orientalis","Thunnus orientalis","Thunnus orientalis",183.033984268092,0.177802918162012,84569.0428584776,14.3895275686396,4.52649294860103,0.295899213248478,94.6978822846951,19.7937066263433
"Engraulis ringens","Engraulis ringens","Engraulis ringens",19.9370752900354,0.923901870370166,53.49423530798,3.43223820755557,0.91623084167503,1.18118689494488,12.9349873446634,18.0453668301556
"Pandalus borealis","Pandalus borealis","Pandalus borealis",NA,NA,NA,NA,NA,NA,NA,NA
"Macruronus magellanicus","Macruronus magellanicus","Macruronus magellanicus",95.8070020596649,0.165156444806815,2675.87347414017,19.4950053802499,5.406019180529,0.2414494509987,54.2751587224005,8.71791375249497
"Haliotis iris","Haliotis iris","Haliotis iris",NA,NA,NA,NA,NA,NA,NA,NA
"Gadus macrocephalus","Gadus macrocephalus","Gadus macrocephalus",93.4097107526428,0.207941056036611,8025.65924836648,16.811065053349,3.63843992006247,0.403583439350381,51.3099965123801,5.87303096746076
"Sebastes alutus","Sebastes alutus","Sebastes alutus",43.3571190507531,0.125251896343034,1054.27626915291,55.1281810473126,9.82508800020516,0.100603031973743,29.3066435922834,6.46268952192514
"Panopea generosa","Panopea generosa","Panopea generosa",NA,NA,NA,NA,NA,NA,NA,NA
"Merluccius productus","Merluccius productus","Merluccius productus",68.1819950893393,0.226489183767668,1885.64882970252,12.1164462314316,3.53714341928103,0.425993975503288,36.9019249559595,13.1294856081809
"Hippoglossus stenolepis","Hippoglossus stenolepis","Hippoglossus stenolepis",177.84227071311,0.0657694285561489,71491.6620424012,38.9837812091995,13.3840427410892,0.13252907025403,89.9389421434308,4.36019635956038
"Cleisthenes herzensteini","Cleisthenes herzensteini","Cleisthenes herzensteini",48.1929616113058,0.166498252964516,851.167962740676,17.6536165929604,4.25782866457353,0.250446542209569,23.5165504242269,14.8212285634251
"Spicara smaris","Spicara smaris","Spicara smaris",19.976023452366,0.408866619868884,65.1642432707748,6.74264465407834,1.4452932267332,0.693212759319447,10.1966506782312,16.0522466018614
"Sardinops sagax","Sardinops melanostictus","Sardinops sagax",27.2242835609629,0.439956074617132,151.4704983143,14.1545277545647,3.43262428048952,0.383621439037133,20.4055188449424,16.8032013430646
"Farfantepenaeus duorarum","Farfantepenaeus duorarum","Farfantepenaeus duorarum",NA,NA,NA,NA,NA,NA,NA,NA
"Pleuronectes platessa","Pleuronectes platessa","Pleuronectes platessa",54.1674963971377,0.138225441614112,1752.7756458937,26.6124928443415,3.91300243098913,0.143922486594067,24.5679323472381,11.314410051571
"Pollachius virens","Pollachius virens","Pollachius virens",118.832811573653,0.135178766096073,18362.0075863718,24.4662158818317,5.27970830602333,0.213934974123137,62.062253574998,8.77507160123609
"Lamna nasus","Lamna nasus","Lamna nasus",300.948513720586,0.091360565383303,198596.776446146,30.5296412881503,12.9341685098323,0.15239788832485,184.517498375585,9.8948287866906
"Trisopterus minutus","Trisopterus minutus","Trisopterus minutus",24.0549729492552,0.405668789621168,135.958889974044,5.27375982110463,1.50969917886618,0.943291768595021,13.6267921964746,12.6678673732563
"Oncorhynchus gorbuscha","Oncorhynchus gorbuscha","Oncorhynchus gorbuscha",74.069836447468,0.376485057236393,4529.27453496791,7.64248357007311,3.26304700371671,0.768511330749414,47.1515930728003,12.2794924137243
"Ammodytes personatus","Ammodytes personatus","Ammodytes personatus",42.0871923558363,0.40966124295656,379.964216638052,10.3962704625344,2.63890509569187,0.694344266374316,25.1034921146964,13.3943971517982
"Ammodytes hexapterus","Ammodytes hexapterus","Ammodytes hexapterus",26.1709165042239,0.455220338363862,73.8435652459455,8.90393188696072,2.25035772984379,0.78779950788241,16.0948205710525,11.083666441254
"Eopsetta jordani","Eopsetta jordani","Eopsetta jordani",53.5660953591053,0.149203078210487,4023.18060706424,27.6766249352777,7.93195173911285,0.192871010159989,35.362481725589,8.91997132410025
"Dissostichus eleginoides","Dissostichus eleginoides","Dissostichus eleginoides",131.608990589993,0.0876433221535874,26148.9279264977,25.1145373131668,8.91816804088087,0.167448109866693,69.9311173844051,9.85737309961011
"Sebastes maliger","Sebastes maliger","Sebastes maliger",38.0088829763065,0.128353478619067,930.755733019741,45.5742238919303,9.03826338969516,0.100069344932279,26.4090407384095,10.7930228205853
"Arctica islandica","Arctica islandica","Arctica islandica",NA,NA,NA,NA,NA,NA,NA,NA
"Pagrus major","Pagrus major","Pagrus major",68.6764285748825,0.151006063859157,4447.14802113615,12.620226928125,3.43551601580487,0.326894659505963,31.2759322903885,16.6549808499952
"Pagellus bogaraveo","Pagellus bogaraveo","Pagellus bogaraveo",53.6157310774032,0.136200373835438,2523.19844794016,14.1644150175705,3.84941990308055,0.262152831795098,26.5441098114949,13.5208540581602
"Chaceon quinquedens","Chaceon quinquedens","Chaceon quinquedens",NA,NA,NA,NA,NA,NA,NA,NA
"Aristeus antennatus","Aristeus antennatus","Aristeus antennatus",NA,NA,NA,NA,NA,NA,NA,NA
"Sebastes mentella","Sebastes mentella","Sebastes mentella",44.5292766923216,0.0895594835223308,1444.37176919866,52.2138602744329,11.0041843060916,0.077091790246277,29.4164301304189,7.7497244817554
"Centroberyx affinis","Centroberyx affinis","Centroberyx affinis",25.9333642126865,0.244841889329799,224.88204875787,9.15014785923508,3.19773967424069,0.541335727239708,15.3794004500743,12.448070925184
"Sebastes spp","Sebastes spp","Sebastes mentella",44.5292766923216,0.0895594835223308,1444.37176919866,52.2138602744329,11.0041843060916,0.077091790246277,29.4164301304189,7.7497244817554
"Glyptocephalus zachirus","Glyptocephalus zachirus","Glyptocephalus zachirus",39.4276175836387,0.226248264194214,574.712661463493,19.0170489803987,4.7829614192728,0.269256050036207,23.817180810127,9.46047316501424
"Sebastes aleutianus","Sebastes aleutianus","Sebastes aleutianus",52.1759717647154,0.0779392062927765,2543.07742977446,94.8540539681442,17.6215594623371,0.0536947376070163,38.0921994546269,8.95576064274607
"Epinephelus morio","Epinephelus morio","Epinephelus morio",87.9196069727948,0.139844800968803,9309.29122914767,21.8732463628091,6.88191270042906,0.230377175155418,48.4349182022561,25.7849007769896
"Urophycis chuss","Urophycis chuss","Urophycis chuss",66.0580241905137,0.166523904726477,2793.85061296069,13.0525633044292,3.88597944154267,0.314043762805167,34.6457916018531,15.4562618238421
"Etrumeus sadina","Etrumeus teres","Etrumeus sadina",22.9260657294909,0.774951582754836,106.835654519449,4.67295088508278,2.81557154142719,1.2268697472167,18.6403060986015,17.7420687540843
"Macrourus berglax","Macrourus berglax","Macrourus berglax",80.5733884171801,0.0846465860608243,3454.70706382559,35.4971017168718,10.3650914108622,0.147311363712244,46.0527175960796,11.3543148129947
"Paralithodes camtschaticus","Paralithodes camtschaticus","Paralithodes camtschaticus",NA,NA,NA,NA,NA,NA,NA,NA
"Mullus barbatus barbatus","Mullus barbatus","Mullus barbatus barbatus",25.3226195733053,0.285568525390213,185.816610157969,10.0006195624377,1.1097321175977,0.430983457032949,12.6748571706696,14.1820792998032
"Coryphaenoides rupestris","Coryphaenoides rupestris","Coryphaenoides rupestris",84.2051492411505,0.0949950903856194,1574.28167809498,44.8807283691001,11.1022133031826,0.128474174060535,49.6987063242799,9.19379647488677
"Cancer irroratus","Cancer irroratus","Cancer irroratus",NA,NA,NA,NA,NA,NA,NA,NA
"Pagellus bellottii","Pagellus bellottii","Pagellus bellottii",35.5685078219238,0.272624669269918,607.170610971339,8.70948933985222,2.17847356381685,0.503395389227149,17.6840881919845,24.0601801698885
"Pagrus pagrus","Pagrus pagrus","Pagrus pagrus",56.3634962856301,0.162559303786114,3219.37484360477,14.8934739271536,3.77212561008139,0.334800484780515,27.1998104143542,20.9590707530488
"Jasus edwardsii","Jasus edwardsii","Jasus edwardsii",NA,NA,NA,NA,NA,NA,NA,NA
"Sardinella aurita","Sardinella aurita","Sardinella aurita",28.4546594439732,0.493533920299337,186.032381426249,6.89412058541222,2.34054626607976,0.771609759912167,18.7050890261192,17.3853130645051
"Eopsetta grigorjewi","Eopsetta grigorjewi","Eopsetta grigorjewi",42.189284414952,0.208331256474523,1129.92241653427,17.4536175513635,4.54338267401459,0.29131375084711,24.1856263429106,14.7239620092426
"Leucoraja garmani","Leucoraja garmani","Leucoraja garmani",83.1752080714854,0.160253762788261,3197.58894943458,14.9567252471521,7.08782126578583,0.269428137956962,57.3240332720874,13.1009520826992
"Lutjanus campechanus","Lutjanus campechanus","Lutjanus campechanus",89.8794307927618,0.170138166772954,11140.6833219398,15.1951766222775,3.24976046539868,0.228282398248286,44.9577682812937,24.23053665933
"Lepidopsetta bilineata","Lepidopsetta bilineata","Lepidopsetta bilineata",49.6348261925755,0.132012346260977,1329.37720102035,22.619973293794,5.67150594098147,0.190921502773629,26.3572582575003,5.24632644056335
"Pleuroncodes monodon","Pleuroncodes monodon","Pleuroncodes monodon",NA,NA,NA,NA,NA,NA,NA,NA
"Clidoderma asperrimum","Clidoderma asperrimum","Clidoderma asperrimum",51.9684542819724,0.239486302598767,1230.23716675962,19.234076734796,4.28845510341404,0.251236680468944,30.5103583183125,4.87828369938843
"Haliotis midae","Haliotis midae","Haliotis midae",NA,NA,NA,NA,NA,NA,NA,NA
"Anoplopoma fimbria","Anoplopoma fimbria","Anoplopoma fimbria",74.2696342153773,0.213002206863196,3584.43700747198,15.8983432653931,5.67301953958431,0.285281648960246,49.3751595261212,8.94386039763082
"Istiophorus albicans","Istiophorus albicans","Istiophorus albicans",242.596732189585,0.429096928745514,30647.084021119,7.3577910022105,1.87336736136329,0.639248290342673,103.953299772649,22.9263659538454
"Sardinops sagax","Sardinops sagax","Sardinops sagax",27.2242835609629,0.439956074617132,151.4704983143,14.1545277545647,3.43262428048952,0.383621439037133,20.4055188449424,16.8032013430646
"Sardinella spp","Sardinella spp","Sardinella aurita",28.4546594439732,0.493533920299337,186.032381426249,6.89412058541222,2.34054626607976,0.771609759912167,18.7050890261192,17.3853130645051
"Sardina pilchardus","Sardina pilchardus","Sardina pilchardus",20.2625605124589,0.403210641286095,62.422384452075,8.35937762636224,2.55003765227035,0.483738302759745,13.9395003816267,18.2009356776563
"Cololabis saira","Cololabis saira","Cololabis saira",35.3043644913855,0.494984579517108,227.335270577456,4.88970855354898,1.66702301450382,0.990532770202032,19.9593216615043,13.0246683431491
"Carcharhinus plumbeus","Carcharhinus plumbeus","Carcharhinus plumbeus",219.679625531877,0.0743410021407147,86540.8873668863,21.2675840452142,10.4936713579822,0.148990177960425,134.927554580582,17.9791671669359
"Sebastes jordani","Sebastes jordani","Sebastes jordani",30.7172285735095,0.199790812224135,399.247161270415,27.8150699588865,5.67386358957699,0.15281974186211,21.5970722581037,8.59546395396996
"Epigonus crassicaudus","Epigonus crassicaudus","Epigonus crassicaudus",68.4538196153181,0.167951156972134,3612.42367755456,21.203982090558,4.6924696280803,0.22291498308501,37.6280570149845,16.9323132539911
"Thunnus maccoyii","Thunnus maccoyii","Thunnus maccoyii",222.233011504666,0.152479691271264,158082.917953702,16.5910965459456,5.49696679002676,0.276576810835077,114.806349624409,17.3882785629862
"Micromesistius australis","Micromesistius australis","Micromesistius australis",57.4060133668529,0.211761703521821,1171.04234272955,24.3880714825977,4.98027334809295,0.229913756271984,38.6665418577953,7.76312324832308
"Placopecten magellanicus","Placopecten magellanicus","Placopecten magellanicus",NA,NA,NA,NA,NA,NA,NA,NA
"Sphyrna lewini","Sphyrna lewini","Sphyrna lewini",314.83757295842,0.111689443983617,114926.40768914,34.4850379996677,11.5812490745158,0.141022781436905,196.485488978094,20.8510216879577
"Metanephrops challengeri","Metanephrops challengeri","Metanephrops challengeri",NA,NA,NA,NA,NA,NA,NA,NA
"Stenotomus chrysops","Stenotomus chrysops","Stenotomus chrysops",45.4645088856504,0.204557152134464,1265.23191518146,14.3400426766328,3.38134073408939,0.340476988834111,23.9884786915397,15.6540284163219
"Squalus acanthias","Squalus acanthias","Squalus acanthias",115.791855853513,0.0783461431207337,5698.88324453641,24.7080052503071,13.8916022162684,0.14385276637056,74.8314740486167,9.63405681936769
"Ammodytes marinus","Ammodytes marinus","Ammodytes marinus",18.4759286853602,0.494087586086169,20.8016530824368,8.067236814904,2.07156262884164,0.907338703607045,11.7015348426525,8.45478805409411
"Paralichthys dentatus","Paralichthys dentatus","Paralichthys dentatus",109.053639387743,0.352670108976995,5761.80798073323,5.01116710456331,0.71962113015967,0.66081362399326,27.6503704018079,18.1328860567714
"Isurus oxyrinchus","Isurus oxyrinchus","Isurus oxyrinchus",358.2348106087,0.0942268204589848,288183.670631438,27.0356026870724,10.7537285746352,0.17350692585484,194.691256573307,17.7387638857225
"Merluccius bilinearis","Merluccius bilinearis","Merluccius bilinearis",55.9217472619378,0.34979388542371,1331.70870197549,10.5083961347256,2.89649190534454,0.550216328731202,33.9591562821082,11.4022992626346
"Oratosquilla oratoria","Oratosquilla oratoria","Oratosquilla oratoria",NA,NA,NA,NA,NA,NA,NA,NA
"Sebastes zacentrus","Sebastes zacentrus","Sebastes zacentrus",39.3127708285669,0.117811001491558,971.707426895427,52.4183012815151,10.2234635990868,0.0861977966671338,28.110785251559,7.76316674366208
"Seriolella punctata","Seriolella punctata","Seriolella punctata",55.8613545144179,0.288713529850436,1949.37894670168,13.5555009639592,3.21420030567641,0.401299105334464,33.0221734628815,12.2185722346914
"Katsuwonus pelamis","Katsuwonus pelamis","Katsuwonus pelamis",89.8745922758072,0.531737533813128,7515.68708074447,7.70796653754798,2.19445609075614,0.91821071796981,50.5704834690671,24.6249218339387
"Lutjanus vivanus","Lutjanus vivanus","Lutjanus vivanus",71.4802831501728,0.140215386971118,4952.98490342082,22.7751297486131,4.5807615646222,0.174210136561632,39.0717955948891,20.8560717375975
"Mustelus canis","Mustelus canis","Mustelus canis",121.05044401071,0.145389559629283,8240.23178688155,17.0014416614765,6.06311900517071,0.207154900988684,74.6114571308184,12.4905960432657
"Pseudocyttus maculatus","Pseudocyttus maculatus","Pseudocyttus maculatus",43.8251251138215,0.0964720734057215,1633.23310000004,25.6806725582631,8.66314696843649,0.18318243775068,27.7153488104699,11.7593674853458
"Malacoraja senta","Malacoraja senta","Malacoraja senta",65.6814167680716,0.127582083000546,1980.70525870919,16.7923986552852,11.3714584278274,0.265119573743593,49.7799636619354,12.8726270750747
"Squilla mantis","Squilla mantis","Squilla mantis",NA,NA,NA,NA,NA,NA,NA,NA
"Mullus surmuletus","Mullus surmuletus","Mullus surmuletus",31.0746773716331,0.28073934353012,300.166940507793,8.09192923002137,1.25864702642767,0.456524367926914,16.1069698766191,18.4911093005997
"Rhizoprionodon terraenovae","Rhizoprionodon terraenovae","Rhizoprionodon terraenovae",94.8528285714355,0.397550133450205,4513.06058363999,9.06279611239052,2.8795727089985,0.55594894586367,63.0503930224989,25.1861414557924
"Chionoecetes opilio","Chionoecetes opilio","Chionoecetes opilio",NA,NA,NA,NA,NA,NA,NA,NA
"Hyporthodus niveatus","Epinephelus niveatus","Hyporthodus niveatus",117.642849550666,0.100535447564506,30987.7161461334,27.2178367693903,9.06679099465796,0.189610986379449,62.5455282470552,23.046775085671
"Sebastes diploproa","Sebastes diploproa","Sebastes diploproa",38.0088829763065,0.128353478619067,930.755733019741,45.5742238919303,9.03826338969516,0.100069344932279,26.4090407384095,10.7930228205853
"Solea solea","Solea solea","Solea solea",36.2397827631482,0.323983511968825,443.583893002048,11.8508179588208,1.54307849952347,0.285008417984232,19.2558493307308,16.0789613412436
"Cynoglossus spp","Cynoglossus spp","Cynoglossus senegalensis",62.4461225779702,0.196640716374403,1334.85655820833,13.227006852168,3.42585983540513,0.317359918493238,30.1764469023776,18.6091975751803
"Merluccius australis","Merluccius australis","Merluccius australis",103.577277191365,0.177347742748667,9506.96214714686,24.9855689287196,7.29804604020557,0.233194925626374,69.8395185665612,10.3080500937957
"Scomberomorus niphonius","Scomberomorus niphonius","Scomberomorus niphonius",273.820293395838,0.371235905964914,519.79429261148,6.73072489807985,1.44121124674762,0.444536860841262,91.0780017397517,15.6762949928892
"Scomberomorus maculatus","Scomberomorus maculatus","Scomberomorus maculatus",133.499634676462,0.280843238641229,4534.91405791835,11.082954787105,2.38433548739374,0.373894521460108,57.2162336164807,25.9513106175597
"Merluccius gayi gayi","Merluccius gayi","Merluccius gayi gayi",73.1634514928601,0.212557916914381,6074.49819741521,13.4672900649744,4.05038501325751,0.40266953125325,41.9409854114579,11.9557427586099
"Sprattus sprattus","Sprattus sprattus","Sprattus sprattus",14.7350873778496,0.503824181726176,29.2096102129604,6.82633746297437,2.10759531340455,0.650798133846872,10.6499296593162,10.7876069223847
"Squalus suckleyi","Squalus suckleyi","Squalus suckleyi",112.545539175732,0.0579070318791418,5792.19364433152,48.1338873788116,25.0375627173519,0.0974692109829665,82.3274718686776,9.22408691854312
"Farfantepenaeus notialis","Farfantepenaeus notialis","Farfantepenaeus notialis",NA,NA,NA,NA,NA,NA,NA,NA
"Heterololigo bleekeri","Loligo bleekeri","Heterololigo bleekeri",NA,NA,NA,NA,NA,NA,NA,NA
"Sebastes borealis","Sebastes borealis","Sebastes borealis",59.4133387383896,0.0663331114095897,3773.78954257709,77.001833515721,15.7445270838838,0.0554609065255443,38.9825915637787,9.05379036951408
"Oncorhynchus nerka","Oncorhynchus nerka","Oncorhynchus nerka",80.3327562544025,0.385561196143684,5787.64727975009,8.27198703000419,3.62351406907844,0.693546974510717,54.9125714471752,11.8788291428308
"Arctoscopus japonicus","Arctoscopus japonicus","Arctoscopus japonicus",38.5911168983685,0.352035020708141,627.082286464389,9.39336370164218,2.28309311454617,0.582582065890555,21.373183789281,19.6241550539349
"Sprattus fuegensis","Sprattus fuegensis","Sprattus fuegensis",15.8778284126103,0.523379814243238,15.6438962148821,6.23292335030313,1.90042108853898,0.683752127675773,10.7560373763927,10.7405972313626
"Mya arenaria","Mya arenaria","Mya arenaria",NA,NA,NA,NA,NA,NA,NA,NA
"Pandalopsis dispar","Pandalopsis dispar","Pandalopsis dispar",NA,NA,NA,NA,NA,NA,NA,NA
"Palinurus gilchristi","Palinurus gilchristi","Palinurus gilchristi",NA,NA,NA,NA,NA,NA,NA,NA
"Sebastolobus alascanus","Sebastolobus alascanus","Sebastolobus alascanus",70.4596932059927,0.0376334401182791,7015.41993327515,68.1331799200918,19.3620219290572,0.0555023610420896,40.3917191952671,10.0357468453074
"Platichthys stellatus","Platichthys stellatus","Platichthys stellatus",47.7368483082216,0.231737214752866,1426.933770258,17.7657212365296,3.92408112754387,0.238919949652478,27.1401753843926,12.762016995346
"Kajikia audax","Kajikia audax","Kajikia audax",290.667596014044,0.38226274989029,188531.328850632,11.7007667213288,2.79723597536996,0.474555695752946,142.803910617643,22.815638386487
"Morone saxatilis","Morone saxatilis","Morone saxatilis",102.425971969124,0.18120220392293,11052.868502679,20.3939803389077,3.91410720992529,0.188686624490056,52.2721295542632,16.8086132032304
"Pandalus montagui","Pandalus montagui","Pandalus montagui",NA,NA,NA,NA,NA,NA,NA,NA
"Uroteuthis edulis","Uroteuthis edulis","Uroteuthis edulis",NA,NA,NA,NA,NA,NA,NA,NA
"Spisula solidissima","Spisula solidissima","Spisula solidissima",NA,NA,NA,NA,NA,NA,NA,NA
"Sillago flindersi","Sillago flindersi","Sillago flindersi",24.5070124417809,0.581294128416456,105.370118284843,6.91686593645865,1.65966490171342,0.900239405831671,14.9469552221743,16.5837938820281
"Xiphias gladius","Xiphias gladius","Xiphias gladius",243.588095194572,0.141541534713996,195456.254698989,15.0540879450944,4.07398245382704,0.235887154225588,105.101841497324,20.5698902040743
"Chionoecetes bairdi","Chionoecetes bairdi","Chionoecetes bairdi",NA,NA,NA,NA,NA,NA,NA,NA
"Pseudocarcinus gigas","Pseudocarcinus gigas","Pseudocarcinus gigas",NA,NA,NA,NA,NA,NA,NA,NA
"Raja clavata","Raja clavata","Raja clavata",118.033907662435,0.130670604778566,8409.87096864552,16.1180493883079,6.94973547027202,0.22645953500828,78.4113813608972,9.91803957503033
"Galeoides decadactylus","Galeoides decadactylus","Galeoides decadactylus",53.2867866689585,0.347764412453395,1686.24255782487,10.0494850369586,2.51830188418403,0.58413251802099,28.8080658762494,26.3189329576215
"Platycephalus richardsoni","Neoplatycephalus richardsoni","Platycephalus richardsoni",63.973280999205,0.223691470659148,1730.72811630051,12.9312451411764,3.83244240745011,0.361661570898477,34.015932419197,13.7367136312004
"Lopholatilus chamaeleonticeps","Lopholatilus chamaeleonticeps","Lopholatilus chamaeleonticeps",85.7442938626754,0.111114597810614,12196.0993634821,29.5798899464688,7.21091042380135,0.144125944523611,49.8544604757697,15.75824377201
"Pseudocaranx dentex","Pseudocaranx dentex","Pseudocaranx dentex",49.6955042834279,0.236453180425109,1475.44785441787,11.8216191382236,3.20947146948678,0.505065240264925,26.3479504262412,14.9733064299324
"Amblyraja radiata","Amblyraja radiata","Amblyraja radiata",90.1353438440816,0.117085900739413,3986.72298550693,16.3869810764808,7.33182369641812,0.230668334850586,54.0158443036058,12.073815933718
"Scophthalmus maximus","Scophthalmus maximus","Scophthalmus maximus",55.7991394919355,0.262249922301035,2959.73762986855,15.6499718467707,2.69851400865308,0.348541495037062,26.3065690690716,13.629857007157
"Scophthalmus maximus","Psetta maxima","Scophthalmus maximus",55.7991394919355,0.262249922301035,2959.73762986855,15.6499718467707,2.69851400865308,0.348541495037062,26.3065690690716,13.629857007157
"Rhomboplites aurorubens","Rhomboplites aurorubens","Rhomboplites aurorubens",52.3655458889882,0.185046763332539,2385.24017994273,12.1689842178539,2.76701687373248,0.258145346446072,26.9779185786218,19.3191905611235
"Lophius piscatorius","Lophius piscatorius","Lophius piscatorius",138.972667277015,0.110838956902017,31870.2955356203,11.6849745785957,3.91826194477536,0.286677204281708,53.0347469724674,12.9127129634395
"Seriolella brama","Seriolella brama","Seriolella brama",59.3103479036126,0.229882790518287,2422.19659954238,14.2405101426486,3.53562792124142,0.354661945738023,33.4552360541866,11.9848232523293
"Cynoscion regalis","Cynoscion regalis","Cynoscion regalis",65.0808120604528,0.20320936808868,2591.82390664048,12.9868618557393,3.36811766385014,0.350717285721347,33.5412042009308,16.0709688236956
"Urophycis tenuis","Urophycis tenuis","Urophycis tenuis",104.921358897042,0.120814095731601,9980.22372904554,18.5560335459286,5.53827218498775,0.207190057658322,55.3549084106373,9.52074627765158
"Merlangius merlangus","Merlangius merlangus","Merlangius merlangus",44.3387753269563,0.292296097324264,800.183293006468,9.66544589187183,2.09489119387182,0.471925193520377,23.8411332977894,8.95289240622472
"Scophthalmus aquosus","Scophthalmus aquosus","Scophthalmus aquosus",39.4955553857609,0.296053141221765,842.317633409919,10.7835451469749,2.08916672648249,0.458081079440552,18.3446973733748,15.1684052905285
"Pseudopleuronectes americanus","Pseudopleuronectes americanus","Pseudopleuronectes americanus",47.2891926226775,0.315462989987188,1898.01032618992,12.4406254112231,2.72915182330743,0.335817999116794,26.1466616262232,11.2416309122428
"Glyptocephalus cynoglossus","Glyptocephalus cynoglossus","Glyptocephalus cynoglossus",43.4285630071534,0.202210622814353,617.531018216572,22.7109398116508,5.60104014071657,0.224851030266693,26.9522694123439,8.06672389029823
"Tanakius kitaharae","Tanakius kitaharae","Tanakius kitaharae",36.6440102528277,0.200794278121775,535.548740674727,15.3812946551719,3.70632969442847,0.301174710099576,18.819135438972,15.0197181780378
"Kajikia albida","Tetrapturus albidus","Kajikia albida",230.790931858753,0.402931351855856,89371.2832342432,10.7954400948041,2.57874571584382,0.511433014940102,114.59848275475,22.5078559993156
"Sebastes entomelas","Sebastes entomelas","Sebastes entomelas",38.0088829763065,0.128353478619067,930.755733019741,45.5742238919303,9.03826338969516,0.100069344932279,26.4090407384095,10.7930228205853
"Conger myriaster","Conger myriaster","Conger myriaster",75.2049150067419,0.12616334147475,4505.76468626602,16.7935521143093,5.33536050464503,0.254557942892898,38.8868021336887,11.1870590747144
"Litopenaeus setiferus","Litopenaeus setiferus","Litopenaeus setiferus",NA,NA,NA,NA,NA,NA,NA,NA
"Leucoraja ocellata","Leucoraja ocellata","Leucoraja ocellata",104.013220349493,0.130104230223191,6367.40552736911,17.9839867841887,8.57088268322322,0.221844477829605,69.8964254653983,13.3257290825943
"Patinopecten caurinus","Patinopecten caurinus","Patinopecten caurinus",NA,NA,NA,NA,NA,NA,NA,NA
"Buccinum undatum","Buccinum undatum","Buccinum undatum",NA,NA,NA,NA,NA,NA,NA,NA
"Hyporthodus flavolimbatus","Epinephelus flavolimbatus","Hyporthodus flavolimbatus",91.2426248278434,0.13471709332415,14575.3656936383,24.2631242210334,7.74578534347632,0.22788408727405,52.433123354847,21.3600957908709
"Limanda ferruginea","Limanda ferruginea","Limanda ferruginea",51.7219848103401,0.220903631568188,1332.64469316893,14.4973166065673,3.11421537043399,0.219156861681078,25.3883130007297,9.43470839852699
"Sebastes ruberrimus","Sebastes ruberrimus","Sebastes ruberrimus",59.769964933579,0.0652509192786333,3682.80020734278,91.3270300420874,17.8938299771279,0.0489958954213748,41.3686613532583,6.49913935518317
"Thunnus albacares","Thunnus albacares","Thunnus albacares",193.630261634018,0.326295550175636,114030.94190572,8.16452246105089,2.56785474655946,0.500982505729481,99.1945682278105,23.6774208166775
"Lophius litulon","Lophius litulon","Lophius litulon",101.424867812797,0.111710349252501,11110.601923066,12.0796235500986,3.71955054093886,0.278654216379289,38.843528370787,12.5664879122476
"Zearaja chilensis","Zearaja chilensis","Zearaja chilensis",125.667945562539,0.105044556941698,12230.44788999,27.0857040002945,13.674010217505,0.166513628054827,93.1009742135488,11.7678656252687
"Pseudopleuronectes herzensteini","Pseudopleuronectes herzensteini","Pseudopleuronectes herzensteini",40.7092529354055,0.26134647573438,1362.78816577691,12.7293655566564,2.95635881442265,0.372004711777803,20.68054443595,21.2290206870454
"Limanda aspera","Limanda aspera","Limanda aspera",45.1850518606869,0.13352614867326,1007.9302774162,23.672888793087,5.20562226845446,0.153311319563509,23.0155127635099,2.48603789290679
"Sebastes flavidus","Sebastes flavidus","Sebastes flavidus",48.846772637637,0.123811675396527,1781.09464002695,56.3784341338261,10.3696600521057,0.0782234776992569,35.0430627147817,9.1459988396568
"Ocyurus chrysurus","Ocyurus chrysurus","Ocyurus chrysurus",54.6463171350464,0.181468800477642,2504.05123961777,14.8307806902759,3.39860423228712,0.308924693602579,27.6278557884276,26.6856202487811
